# WORLD Harvest via pyworld 0.3.5, frame period 5 ms
time,f0
0.000,0.00
0.005,0.00
0.010,0.00
0.015,0.00
0.020,0.00
0.025,0.00
0.030,0.00
0.035,0.00
0.040,0.00
0.045,0.00
0.050,0.00
0.055,0.00
0.060,0.00
0.065,0.00
0.070,0.00
0.075,0.00
0.080,0.00
0.085,0.00
0.090,0.00
0.095,0.00
0.100,0.00
0.105,0.00
0.110,131.94
0.115,134.50
0.120,138.15
0.125,141.84
0.130,144.00
0.135,144.10
0.140,143.14
0.145,142.25
0.150,141.75
0.155,141.71
0.160,142.04
0.165,142.70
0.170,143.84
0.175,145.25
0.180,146.58
0.185,147.64
0.190,148.39
0.195,148.80
0.200,148.85
0.205,148.62
0.210,148.19
0.215,147.52
0.220,146.56
0.225,145.28
0.230,143.83
0.235,142.45
0.240,141.43
0.245,140.98
0.250,140.76
0.255,140.29
0.260,139.58
0.265,138.78
0.270,137.66
0.275,135.74
0.280,132.82
0.285,129.41
0.290,126.59
0.295,124.85
0.300,123.98
0.305,123.90
0.310,124.86
0.315,126.90
0.320,129.55
0.325,132.28
0.330,134.67
0.335,136.39
0.340,137.30
0.345,137.50
0.350,137.29
0.355,136.99
0.360,136.69
0.365,136.07
0.370,134.62
0.375,131.92
0.380,128.26
0.385,124.99
0.390,123.47
0.395,123.02
0.400,122.73
0.405,123.14
0.410,125.43
0.415,129.57
0.420,133.69
0.425,135.77
0.430,135.78
0.435,134.79
0.440,133.42
0.445,131.98
0.450,130.67
0.455,129.66
0.460,128.99
0.465,128.60
0.470,128.30
0.475,127.84
0.480,127.00
0.485,125.85
0.490,124.76
0.495,124.19
0.500,124.38
0.505,125.22
0.510,126.12
0.515,126.56
0.520,126.48
0.525,126.09
0.530,125.58
0.535,124.99
0.540,124.22
0.545,123.25
0.550,122.30
0.555,121.55
0.560,120.76
0.565,119.81
0.570,118.72
0.575,117.76
0.580,117.20
0.585,117.91
0.590,120.46
0.595,123.21
0.600,124.76
0.605,125.36
0.610,126.42
0.615,129.96
0.620,136.49
0.625,143.64
0.630,146.42
0.635,142.82
0.640,136.94
0.645,133.20
0.650,132.24
0.655,135.11
0.660,141.44
0.665,146.65
0.670,145.96
0.675,140.69
0.680,134.16
0.685,129.02
0.690,126.11
0.695,125.02
0.700,125.07
0.705,125.70
0.710,126.35
0.715,126.54
0.720,126.01
0.725,124.77
0.730,123.06
0.735,121.33
0.740,120.37
0.745,120.91
0.750,121.80
0.755,121.69
0.760,120.37
0.765,118.10
0.770,115.14
0.775,111.82
0.780,108.90
0.785,107.95
0.790,110.91
0.795,118.67
0.800,127.98
0.805,135.99
0.810,145.51
0.815,159.10
0.820,176.74
0.825,191.60
0.830,192.85
0.835,178.87
0.840,158.56
0.845,141.26
0.850,131.06
0.855,127.27
0.860,126.95
0.865,127.82
0.870,128.68
0.875,129.18
0.880,129.41
0.885,129.53
0.890,129.77
0.895,130.30
0.900,131.01
0.905,131.79
0.910,132.55
0.915,133.22
0.920,133.84
0.925,134.48
0.930,135.16
0.935,135.72
0.940,136.06
0.945,136.22
0.950,136.31
0.955,136.40
0.960,136.63
0.965,137.07
0.970,137.65
0.975,137.98
0.980,137.57
0.985,136.69
0.990,135.90
0.995,135.32
1.000,134.86
1.005,134.46
1.010,134.05
1.015,133.53
1.020,132.75
1.025,131.53
1.030,129.78
1.035,127.67
1.040,125.59
1.045,123.86
1.050,122.47
1.055,121.33
1.060,120.42
1.065,119.79
1.070,119.46
1.075,119.44
1.080,119.71
1.085,120.21
1.090,120.84
1.095,121.54
1.100,122.34
1.105,123.20
1.110,124.07
1.115,124.80
1.120,125.25
1.125,125.29
1.130,124.93
1.135,124.22
1.140,123.26
1.145,122.19
1.150,121.16
1.155,120.28
1.160,119.49
1.165,118.63
1.170,117.65
1.175,116.62
1.180,115.59
1.185,114.52
1.190,113.28
1.195,111.69
1.200,109.54
1.205,106.76
1.210,103.71
1.215,101.52
1.220,100.95
1.225,101.20
1.230,101.08
1.235,100.29
1.240,99.86
1.245,102.19
1.250,109.36
1.255,119.59
1.260,125.91
1.265,126.45
1.270,123.38
1.275,118.94
1.280,115.39
1.285,113.64
1.290,113.01
1.295,112.61
1.300,111.93
1.305,110.77
1.310,109.10
1.315,107.01
1.320,104.84
1.325,103.25
1.330,102.71
1.335,103.34
1.340,104.66
1.345,105.70
1.350,106.08
1.355,106.09
1.360,105.72
1.365,104.69
1.370,103.43
1.375,102.98
1.380,103.39
1.385,103.91
1.390,104.28
1.395,104.65
1.400,104.93
1.405,104.96
1.410,104.94
1.415,105.17
1.420,105.70
1.425,106.40
1.430,107.03
1.435,107.45
1.440,107.66
1.445,107.73
1.450,107.65
1.455,107.32
1.460,106.56
1.465,105.46
1.470,104.59
1.475,104.60
1.480,106.39
1.485,110.96
1.490,117.75
1.495,125.00
1.500,129.52
1.505,129.14
1.510,0.00
1.515,0.00
1.520,0.00
1.525,0.00
1.530,0.00
1.535,0.00
1.540,0.00
1.545,0.00
1.550,0.00
1.555,0.00
1.560,0.00
1.565,0.00
1.570,0.00
1.575,0.00
1.580,0.00
1.585,128.02
1.590,136.88
1.595,142.41
1.600,139.83
1.605,130.49
1.610,122.19
1.615,118.75
1.620,117.97
1.625,117.85
1.630,118.63
1.635,119.81
1.640,120.07
1.645,119.45
1.650,118.56
1.655,117.43
1.660,115.65
1.665,112.67
1.670,108.30
1.675,103.35
1.680,99.79
1.685,100.63
1.690,109.34
1.695,127.52
1.700,149.74
1.705,166.83
1.710,172.73
1.715,167.99
1.720,157.98
1.725,147.30
1.730,137.62
1.735,128.93
1.740,121.11
1.745,114.62
1.750,111.30
1.755,110.18
1.760,109.40
1.765,108.69
1.770,108.56
1.775,109.14
1.780,110.03
1.785,110.73
1.790,111.15
1.795,111.46
1.800,111.78
1.805,112.08
1.810,112.30
1.815,112.41
1.820,112.44
1.825,112.51
1.830,112.68
1.835,112.94
1.840,113.24
1.845,113.59
1.850,114.11
1.855,114.80
1.860,115.17
1.865,114.85
1.870,114.26
1.875,113.84
1.880,113.66
1.885,113.62
1.890,113.68
1.895,113.86
1.900,114.10
1.905,114.28
1.910,114.30
1.915,114.26
1.920,114.28
1.925,114.29
1.930,114.28
1.935,114.24
1.940,114.14
1.945,113.95
1.950,113.69
1.955,113.43
1.960,113.27
1.965,113.15
1.970,112.93
1.975,112.54
1.980,112.01
1.985,111.32
1.990,110.51
1.995,109.72
2.000,109.05
2.005,108.45
2.010,107.87
2.015,107.35
2.020,106.84
2.025,106.26
2.030,105.64
2.035,105.07
2.040,104.63
2.045,104.38
2.050,104.25
2.055,104.15
2.060,104.05
2.065,104.00
2.070,104.05
2.075,104.22
2.080,104.43
2.085,104.72
2.090,105.25
2.095,106.13
2.100,107.34
2.105,108.84
2.110,110.44
2.115,111.48
2.120,111.36
2.125,110.87
2.130,111.73
2.135,114.55
2.140,119.41
2.145,126.43
2.150,0.00
2.155,0.00
2.160,0.00
2.165,0.00
2.170,0.00
2.175,0.00
2.180,0.00
2.185,0.00
2.190,0.00
2.195,0.00
2.200,0.00
2.205,0.00
2.210,0.00
2.215,0.00
2.220,0.00
2.225,0.00
2.230,0.00
2.235,0.00
2.240,0.00
2.245,0.00
2.250,0.00
2.255,0.00
2.260,0.00
2.265,0.00
2.270,0.00
2.275,0.00
2.280,0.00
2.285,102.34
2.290,98.18
2.295,97.12
2.300,98.77
2.305,100.06
2.310,99.75
2.315,98.41
2.320,96.83
2.325,95.52
2.330,94.61
2.335,93.78
2.340,92.74
2.345,91.52
2.350,90.29
2.355,89.19
2.360,88.30
2.365,87.72
2.370,87.61
2.375,88.02
2.380,88.85
2.385,89.97
2.390,91.20
2.395,92.35
2.400,93.27
2.405,93.90
2.410,94.33
2.415,94.74
2.420,95.32
2.425,96.35
2.430,98.52
2.435,102.68
2.440,108.05
2.445,113.42
2.450,121.07
2.455,132.93
2.460,146.47
2.465,154.90
2.470,157.00
2.475,157.30
2.480,0.00
2.485,0.00
2.490,0.00
2.495,0.00
2.500,0.00
2.505,0.00
2.510,0.00
2.515,0.00
2.520,0.00
2.525,0.00
